subspace_dim,test_acc,test_loss
1,0.10000000149011612,2.302584409713745
1,0.10000000149011612,2.302584409713745
