subspace_dim,test_acc,test_loss
1,0.09799999743700027,2.302584409713745
100,0.6496000289916992,1.0822030305862427
200,0.8328999876976013,0.5336890816688538
300,0.8966000080108643,0.3297179937362671
